raw_id	accession	bp_id	contributors	model	owner_abbreviation	owner_text	owner_url	package	package_name	paragraph	prefixed_id	primary_id	samp_name	sra_id	status	status_date	synonym	table_caption	taxonomy_id	taxonomy_name	title
13478077	SAMEA104726345			Generic		EBI		Generic.1.0	Generic	metagenome from Crete soil	BIOSAMPLE:SAMEA104726345	SAMEA104726345		ERS2327728		2019-12-07T11:11:49.677			410658	soil metagenome	Crete soil metagenome
13478073	SAMEA104726341			Generic		EBI		Generic.1.0	Generic	metagenome from Crete soil	BIOSAMPLE:SAMEA104726341	SAMEA104726341		ERS2327724		2019-12-07T11:11:49.537			410658	soil metagenome	Crete soil metagenome
13478074	SAMEA104726342			Generic		EBI		Generic.1.0	Generic	metagenome from Crete soil	BIOSAMPLE:SAMEA104726342	SAMEA104726342		ERS2327725		2019-12-07T11:11:49.567			410658	soil metagenome	Crete soil metagenome
13478075	SAMEA104726343			Generic		EBI		Generic.1.0	Generic	metagenome from Crete soil	BIOSAMPLE:SAMEA104726343	SAMEA104726343		ERS2327726		2019-12-07T11:11:49.600			410658	soil metagenome	Crete soil metagenome
13478076	SAMEA104726344			Generic		EBI		Generic.1.0	Generic	metagenome from Crete soil	BIOSAMPLE:SAMEA104726344	SAMEA104726344		ERS2327727		2019-12-07T11:11:49.647			410658	soil metagenome	Crete soil metagenome
13478128	SAMEA104726397			Generic		EBI		Generic.1.0	Generic	metagenome from Crete soil	BIOSAMPLE:SAMEA104726397	SAMEA104726397		ERS2327780		2019-12-07T11:11:51.350			410658	soil metagenome	Crete soil metagenome
13478129	SAMEA104726398			Generic		EBI		Generic.1.0	Generic	metagenome from Crete soil	BIOSAMPLE:SAMEA104726398	SAMEA104726398		ERS2327781		2019-12-07T11:11:51.380			410658	soil metagenome	Crete soil metagenome
13478130	SAMEA104726399			Generic		EBI		Generic.1.0	Generic	metagenome from Crete soil	BIOSAMPLE:SAMEA104726399	SAMEA104726399		ERS2327782		2019-12-07T11:11:51.410			410658	soil metagenome	Crete soil metagenome
13478131	SAMEA104726400			Generic		EBI		Generic.1.0	Generic	metagenome from Crete soil	BIOSAMPLE:SAMEA104726400	SAMEA104726400		ERS2327783		2019-12-07T11:11:51.457			410658	soil metagenome	Crete soil metagenome
13478132	SAMEA104726401			Generic		EBI		Generic.1.0	Generic	metagenome from Crete soil	BIOSAMPLE:SAMEA104726401	SAMEA104726401		ERS2327784		2019-12-07T11:11:51.490			410658	soil metagenome	Crete soil metagenome
13478133	SAMEA104726402			Generic		EBI		Generic.1.0	Generic	metagenome from Crete soil	BIOSAMPLE:SAMEA104726402	SAMEA104726402		ERS2327785		2019-12-07T11:11:51.567			410658	soil metagenome	Crete soil metagenome
13478134	SAMEA104726403			Generic		EBI		Generic.1.0	Generic	metagenome from Crete soil	BIOSAMPLE:SAMEA104726403	SAMEA104726403		ERS2327786		2019-12-07T11:11:51.600			410658	soil metagenome	Crete soil metagenome
13478135	SAMEA104726404			Generic		EBI		Generic.1.0	Generic	metagenome from Crete soil	BIOSAMPLE:SAMEA104726404	SAMEA104726404		ERS2327787		2019-12-07T11:11:51.647			410658	soil metagenome	Crete soil metagenome
13478136	SAMEA104726405			Generic		EBI		Generic.1.0	Generic	metagenome from Crete soil	BIOSAMPLE:SAMEA104726405	SAMEA104726405		ERS2327788		2019-12-07T11:11:51.677			410658	soil metagenome	Crete soil metagenome
13478137	SAMEA104726406			Generic		EBI		Generic.1.0	Generic	metagenome from Crete soil	BIOSAMPLE:SAMEA104726406	SAMEA104726406		ERS2327789		2019-12-07T11:11:51.707			410658	soil metagenome	Crete soil metagenome
13478138	SAMEA104726407			Generic		EBI		Generic.1.0	Generic	metagenome from Crete soil	BIOSAMPLE:SAMEA104726407	SAMEA104726407		ERS2327790		2019-12-07T11:11:51.740			410658	soil metagenome	Crete soil metagenome
13478139	SAMEA104726408			Generic		EBI		Generic.1.0	Generic	metagenome from Crete soil	BIOSAMPLE:SAMEA104726408	SAMEA104726408		ERS2327791		2019-12-07T11:11:51.787			410658	soil metagenome	Crete soil metagenome
13478140	SAMEA104726409			Generic		EBI		Generic.1.0	Generic	metagenome from Crete soil	BIOSAMPLE:SAMEA104726409	SAMEA104726409		ERS2327792		2019-12-07T11:11:51.817			410658	soil metagenome	Crete soil metagenome
13478141	SAMEA104726410			Generic		EBI		Generic.1.0	Generic	metagenome from Crete soil	BIOSAMPLE:SAMEA104726410	SAMEA104726410		ERS2327793		2019-12-07T11:11:51.850			410658	soil metagenome	Crete soil metagenome
13478142	SAMEA104726411			Generic		EBI		Generic.1.0	Generic	metagenome from Crete soil	BIOSAMPLE:SAMEA104726411	SAMEA104726411		ERS2327794		2019-12-07T11:11:51.880			410658	soil metagenome	Crete soil metagenome
13478143	SAMEA104726412			Generic		EBI		Generic.1.0	Generic	metagenome from Crete soil	BIOSAMPLE:SAMEA104726412	SAMEA104726412		ERS2327795		2019-12-07T11:11:51.910			410658	soil metagenome	Crete soil metagenome
13478144	SAMEA104726413			Generic		EBI		Generic.1.0	Generic	metagenome from Crete soil	BIOSAMPLE:SAMEA104726413	SAMEA104726413		ERS2327796		2019-12-07T11:11:51.943			410658	soil metagenome	Crete soil metagenome
13478145	SAMEA104726414			Generic		EBI		Generic.1.0	Generic	metagenome from Crete soil	BIOSAMPLE:SAMEA104726414	SAMEA104726414		ERS2327797		2019-12-07T11:11:51.990			410658	soil metagenome	Crete soil metagenome
13478146	SAMEA104726415			Generic		EBI		Generic.1.0	Generic	metagenome from Crete soil	BIOSAMPLE:SAMEA104726415	SAMEA104726415		ERS2327798		2019-12-07T11:11:52.037			410658	soil metagenome	Crete soil metagenome
13478147	SAMEA104726416			Generic		EBI		Generic.1.0	Generic	metagenome from Crete soil	BIOSAMPLE:SAMEA104726416	SAMEA104726416		ERS2327799		2019-12-07T11:11:52.067			410658	soil metagenome	Crete soil metagenome
13478148	SAMEA104726417			Generic		EBI		Generic.1.0	Generic	metagenome from Crete soil	BIOSAMPLE:SAMEA104726417	SAMEA104726417		ERS2327800		2019-12-07T11:11:52.100			410658	soil metagenome	Crete soil metagenome
13478149	SAMEA104726418			Generic		EBI		Generic.1.0	Generic	metagenome from Crete soil	BIOSAMPLE:SAMEA104726418	SAMEA104726418		ERS2327801		2019-12-07T11:11:52.147			410658	soil metagenome	Crete soil metagenome
13478150	SAMEA104726419			Generic		EBI		Generic.1.0	Generic	metagenome from Crete soil	BIOSAMPLE:SAMEA104726419	SAMEA104726419		ERS2327802		2019-12-07T11:11:52.177			410658	soil metagenome	Crete soil metagenome
13478151	SAMEA104726420			Generic		EBI		Generic.1.0	Generic	metagenome from Crete soil	BIOSAMPLE:SAMEA104726420	SAMEA104726420		ERS2327803		2019-12-07T11:11:52.207			410658	soil metagenome	Crete soil metagenome
13478152	SAMEA104726421			Generic		EBI		Generic.1.0	Generic	metagenome from Crete soil	BIOSAMPLE:SAMEA104726421	SAMEA104726421		ERS2327804		2019-12-07T11:11:52.253			410658	soil metagenome	Crete soil metagenome
13478153	SAMEA104726422			Generic		EBI		Generic.1.0	Generic	metagenome from Crete soil	BIOSAMPLE:SAMEA104726422	SAMEA104726422		ERS2327805		2019-12-08T08:12:46.187			410658	soil metagenome	Crete soil metagenome
13478154	SAMEA104726423			Generic		EBI		Generic.1.0	Generic	metagenome from Crete soil	BIOSAMPLE:SAMEA104726423	SAMEA104726423		ERS2327806		2019-12-07T11:11:52.287			410658	soil metagenome	Crete soil metagenome
13478155	SAMEA104726424			Generic		EBI		Generic.1.0	Generic	metagenome from Crete soil	BIOSAMPLE:SAMEA104726424	SAMEA104726424		ERS2327807		2019-12-07T11:11:52.317			410658	soil metagenome	Crete soil metagenome
13478156	SAMEA104726425			Generic		EBI		Generic.1.0	Generic	metagenome from Crete soil	BIOSAMPLE:SAMEA104726425	SAMEA104726425		ERS2327808		2019-12-07T11:11:52.350			410658	soil metagenome	Crete soil metagenome
13478157	SAMEA104726426			Generic		EBI		Generic.1.0	Generic	metagenome from Crete soil	BIOSAMPLE:SAMEA104726426	SAMEA104726426		ERS2327809		2019-12-07T11:11:52.380			410658	soil metagenome	Crete soil metagenome
13478158	SAMEA104726427			Generic		EBI		Generic.1.0	Generic	metagenome from Crete soil	BIOSAMPLE:SAMEA104726427	SAMEA104726427		ERS2327810		2019-12-07T11:11:52.410			410658	soil metagenome	Crete soil metagenome
13478159	SAMEA104726428			Generic		EBI		Generic.1.0	Generic	metagenome from Crete soil	BIOSAMPLE:SAMEA104726428	SAMEA104726428		ERS2327811		2019-12-07T11:11:52.443			410658	soil metagenome	Crete soil metagenome
13478160	SAMEA104726429			Generic		EBI		Generic.1.0	Generic	metagenome from Crete soil	BIOSAMPLE:SAMEA104726429	SAMEA104726429		ERS2327812		2019-12-07T11:11:52.490			410658	soil metagenome	Crete soil metagenome
13478161	SAMEA104726430			Generic		EBI		Generic.1.0	Generic	metagenome from Crete soil	BIOSAMPLE:SAMEA104726430	SAMEA104726430		ERS2327813		2019-12-07T11:11:52.520			410658	soil metagenome	Crete soil metagenome
13478162	SAMEA104726431			Generic		EBI		Generic.1.0	Generic	metagenome from Crete soil	BIOSAMPLE:SAMEA104726431	SAMEA104726431		ERS2327814		2019-12-07T11:11:52.567			410658	soil metagenome	Crete soil metagenome
13478163	SAMEA104726432			Generic		EBI		Generic.1.0	Generic	metagenome from Crete soil	BIOSAMPLE:SAMEA104726432	SAMEA104726432		ERS2327815		2019-12-07T11:11:52.600			410658	soil metagenome	Crete soil metagenome
13478164	SAMEA104726433			Generic		EBI		Generic.1.0	Generic	metagenome from Crete soil	BIOSAMPLE:SAMEA104726433	SAMEA104726433		ERS2327816		2019-12-07T11:11:52.630			410658	soil metagenome	Crete soil metagenome
13478165	SAMEA104726434			Generic		EBI		Generic.1.0	Generic	metagenome from Crete soil	BIOSAMPLE:SAMEA104726434	SAMEA104726434		ERS2327817		2019-12-07T11:11:52.660			410658	soil metagenome	Crete soil metagenome
13478166	SAMEA104726435			Generic		EBI		Generic.1.0	Generic	metagenome from Crete soil	BIOSAMPLE:SAMEA104726435	SAMEA104726435		ERS2327818		2019-12-07T11:11:52.693			410658	soil metagenome	Crete soil metagenome
13478167	SAMEA104726436			Generic		EBI		Generic.1.0	Generic	metagenome from Crete soil	BIOSAMPLE:SAMEA104726436	SAMEA104726436		ERS2327819		2019-12-07T11:11:52.740			410658	soil metagenome	Crete soil metagenome
13478168	SAMEA104726437			Generic		EBI		Generic.1.0	Generic	metagenome from Crete soil	BIOSAMPLE:SAMEA104726437	SAMEA104726437		ERS2327820		2019-12-07T11:11:52.770			410658	soil metagenome	Crete soil metagenome
13478169	SAMEA104726438			Generic		EBI		Generic.1.0	Generic	metagenome from Crete soil	BIOSAMPLE:SAMEA104726438	SAMEA104726438		ERS2327821		2019-12-07T11:11:52.800			410658	soil metagenome	Crete soil metagenome
13478170	SAMEA104726439			Generic		EBI		Generic.1.0	Generic	metagenome from Crete soil	BIOSAMPLE:SAMEA104726439	SAMEA104726439		ERS2327822		2019-12-07T11:11:52.833			410658	soil metagenome	Crete soil metagenome
13478171	SAMEA104726440			Generic		EBI		Generic.1.0	Generic	metagenome from Crete soil	BIOSAMPLE:SAMEA104726440	SAMEA104726440		ERS2327823		2019-12-07T11:11:52.863			410658	soil metagenome	Crete soil metagenome
13478172	SAMEA104726441			Generic		EBI		Generic.1.0	Generic	metagenome from Crete soil	BIOSAMPLE:SAMEA104726441	SAMEA104726441		ERS2327824		2019-12-07T11:11:52.897			410658	soil metagenome	Crete soil metagenome
13478173	SAMEA104726442			Generic		EBI		Generic.1.0	Generic	metagenome from Crete soil	BIOSAMPLE:SAMEA104726442	SAMEA104726442		ERS2327825		2019-12-07T11:11:52.927			410658	soil metagenome	Crete soil metagenome
13478174	SAMEA104726443			Generic		EBI		Generic.1.0	Generic	metagenome from Crete soil	BIOSAMPLE:SAMEA104726443	SAMEA104726443		ERS2327826		2019-12-07T11:11:52.957			410658	soil metagenome	Crete soil metagenome
13478175	SAMEA104726444			Generic		EBI		Generic.1.0	Generic	metagenome from Crete soil	BIOSAMPLE:SAMEA104726444	SAMEA104726444		ERS2327827		2019-12-07T11:11:52.990			410658	soil metagenome	Crete soil metagenome
13478176	SAMEA104726445			Generic		EBI		Generic.1.0	Generic	metagenome from Crete soil	BIOSAMPLE:SAMEA104726445	SAMEA104726445		ERS2327828		2019-12-07T11:11:53.037			410658	soil metagenome	Crete soil metagenome
13478177	SAMEA104726446			Generic		EBI		Generic.1.0	Generic	metagenome from Crete soil	BIOSAMPLE:SAMEA104726446	SAMEA104726446		ERS2327829		2019-12-07T11:11:53.067			410658	soil metagenome	Crete soil metagenome
13478178	SAMEA104726447			Generic		EBI		Generic.1.0	Generic	metagenome from Crete soil	BIOSAMPLE:SAMEA104726447	SAMEA104726447		ERS2327830		2019-12-07T11:11:53.100			410658	soil metagenome	Crete soil metagenome
13478179	SAMEA104726448			Generic		EBI		Generic.1.0	Generic	metagenome from Crete soil	BIOSAMPLE:SAMEA104726448	SAMEA104726448		ERS2327831		2019-12-07T11:11:53.130			410658	soil metagenome	Crete soil metagenome
13478180	SAMEA104726449			Generic		EBI		Generic.1.0	Generic	metagenome from Crete soil	BIOSAMPLE:SAMEA104726449	SAMEA104726449		ERS2327832		2019-12-07T11:11:53.160			410658	soil metagenome	Crete soil metagenome
13478181	SAMEA104726450			Generic		EBI		Generic.1.0	Generic	metagenome from Crete soil	BIOSAMPLE:SAMEA104726450	SAMEA104726450		ERS2327833		2019-12-07T11:11:53.193			410658	soil metagenome	Crete soil metagenome
13478182	SAMEA104726451			Generic		EBI		Generic.1.0	Generic	metagenome from Crete soil	BIOSAMPLE:SAMEA104726451	SAMEA104726451		ERS2327834		2019-12-07T11:11:53.223			410658	soil metagenome	Crete soil metagenome
13478183	SAMEA104726452			Generic		EBI		Generic.1.0	Generic	metagenome from Crete soil	BIOSAMPLE:SAMEA104726452	SAMEA104726452		ERS2327835		2019-12-07T11:11:53.270			410658	soil metagenome	Crete soil metagenome
13478184	SAMEA104726453			Generic		EBI		Generic.1.0	Generic	metagenome from Crete soil	BIOSAMPLE:SAMEA104726453	SAMEA104726453		ERS2327836		2019-12-07T11:11:53.300			410658	soil metagenome	Crete soil metagenome
13478185	SAMEA104726454			Generic		EBI		Generic.1.0	Generic	metagenome from Crete soil	BIOSAMPLE:SAMEA104726454	SAMEA104726454		ERS2327837		2019-12-07T11:11:53.333			410658	soil metagenome	Crete soil metagenome
13478186	SAMEA104726455			Generic		EBI		Generic.1.0	Generic	metagenome from Crete soil	BIOSAMPLE:SAMEA104726455	SAMEA104726455		ERS2327838		2019-12-07T11:11:53.380			410658	soil metagenome	Crete soil metagenome
13478187	SAMEA104726456			Generic		EBI		Generic.1.0	Generic	metagenome from Crete soil	BIOSAMPLE:SAMEA104726456	SAMEA104726456		ERS2327839		2019-12-07T11:11:53.427			410658	soil metagenome	Crete soil metagenome
13478188	SAMEA104726457			Generic		EBI		Generic.1.0	Generic	metagenome from Crete soil	BIOSAMPLE:SAMEA104726457	SAMEA104726457		ERS2327840		2019-12-07T11:11:53.460			410658	soil metagenome	Crete soil metagenome
13478189	SAMEA104726458			Generic		EBI		Generic.1.0	Generic	metagenome from Crete soil	BIOSAMPLE:SAMEA104726458	SAMEA104726458		ERS2327841		2019-12-07T11:11:53.490			410658	soil metagenome	Crete soil metagenome
13478190	SAMEA104726459			Generic		EBI		Generic.1.0	Generic	metagenome from Crete soil	BIOSAMPLE:SAMEA104726459	SAMEA104726459		ERS2327842		2019-12-07T11:11:53.537			410658	soil metagenome	Crete soil metagenome
13478191	SAMEA104726460			Generic		EBI		Generic.1.0	Generic	metagenome from Crete soil	BIOSAMPLE:SAMEA104726460	SAMEA104726460		ERS2327843		2019-12-07T11:11:53.567			410658	soil metagenome	Crete soil metagenome
13478192	SAMEA104726461			Generic		EBI		Generic.1.0	Generic	metagenome from Crete soil	BIOSAMPLE:SAMEA104726461	SAMEA104726461		ERS2327844		2019-12-07T11:11:53.600			410658	soil metagenome	Crete soil metagenome
13478193	SAMEA104726462			Generic		EBI		Generic.1.0	Generic	metagenome from Crete soil	BIOSAMPLE:SAMEA104726462	SAMEA104726462		ERS2327845		2019-12-08T08:12:46.233			410658	soil metagenome	Crete soil metagenome
13478194	SAMEA104726463			Generic		EBI		Generic.1.0	Generic	metagenome from Crete soil	BIOSAMPLE:SAMEA104726463	SAMEA104726463		ERS2327846		2019-12-07T11:11:53.630			410658	soil metagenome	Crete soil metagenome
13478195	SAMEA104726464			Generic		EBI		Generic.1.0	Generic	metagenome from Crete soil	BIOSAMPLE:SAMEA104726464	SAMEA104726464		ERS2327847		2019-12-07T11:11:53.660			410658	soil metagenome	Crete soil metagenome
13478196	SAMEA104726465			Generic		EBI		Generic.1.0	Generic	metagenome from Crete soil	BIOSAMPLE:SAMEA104726465	SAMEA104726465		ERS2327848		2019-12-07T11:11:53.693			410658	soil metagenome	Crete soil metagenome
13478197	SAMEA104726466			Generic		EBI		Generic.1.0	Generic	metagenome from Crete soil	BIOSAMPLE:SAMEA104726466	SAMEA104726466		ERS2327849		2019-12-07T11:11:53.723			410658	soil metagenome	Crete soil metagenome
13478198	SAMEA104726467			Generic		EBI		Generic.1.0	Generic	metagenome from Crete soil	BIOSAMPLE:SAMEA104726467	SAMEA104726467		ERS2327850		2019-12-07T11:11:53.753			410658	soil metagenome	Crete soil metagenome
13478199	SAMEA104726468			Generic		EBI		Generic.1.0	Generic	metagenome from Crete soil	BIOSAMPLE:SAMEA104726468	SAMEA104726468		ERS2327851		2019-12-07T11:11:53.787			410658	soil metagenome	Crete soil metagenome
13478200	SAMEA104726469			Generic		EBI		Generic.1.0	Generic	metagenome from Crete soil	BIOSAMPLE:SAMEA104726469	SAMEA104726469		ERS2327852		2019-12-07T11:11:53.817			410658	soil metagenome	Crete soil metagenome
13478201	SAMEA104726470			Generic		EBI		Generic.1.0	Generic	metagenome from Crete soil	BIOSAMPLE:SAMEA104726470	SAMEA104726470		ERS2327853		2019-12-07T11:11:53.863			410658	soil metagenome	Crete soil metagenome
13478202	SAMEA104726471			Generic		EBI		Generic.1.0	Generic	metagenome from Crete soil	BIOSAMPLE:SAMEA104726471	SAMEA104726471		ERS2327854		2019-12-07T11:11:53.897			410658	soil metagenome	Crete soil metagenome
13478203	SAMEA104726472			Generic		EBI		Generic.1.0	Generic	metagenome from Crete soil	BIOSAMPLE:SAMEA104726472	SAMEA104726472		ERS2327855		2019-12-07T11:11:53.927			410658	soil metagenome	Crete soil metagenome
13478204	SAMEA104726473			Generic		EBI		Generic.1.0	Generic	metagenome from Crete soil	BIOSAMPLE:SAMEA104726473	SAMEA104726473		ERS2327856		2019-12-07T11:11:53.973			410658	soil metagenome	Crete soil metagenome
13478205	SAMEA104726474			Generic		EBI		Generic.1.0	Generic	metagenome from Crete soil	BIOSAMPLE:SAMEA104726474	SAMEA104726474		ERS2327857		2019-12-07T11:11:54.003			410658	soil metagenome	Crete soil metagenome
13478206	SAMEA104726475			Generic		EBI		Generic.1.0	Generic	metagenome from Crete soil	BIOSAMPLE:SAMEA104726475	SAMEA104726475		ERS2327858		2019-12-07T11:11:54.037			410658	soil metagenome	Crete soil metagenome
13478207	SAMEA104726476			Generic		EBI		Generic.1.0	Generic	metagenome from Crete soil	BIOSAMPLE:SAMEA104726476	SAMEA104726476		ERS2327859		2019-12-07T11:11:54.067			410658	soil metagenome	Crete soil metagenome
13478208	SAMEA104726477			Generic		EBI		Generic.1.0	Generic	metagenome from Crete soil	BIOSAMPLE:SAMEA104726477	SAMEA104726477		ERS2327860		2019-12-07T11:11:54.100			410658	soil metagenome	Crete soil metagenome
13478209	SAMEA104726478			Generic		EBI		Generic.1.0	Generic	metagenome from Crete soil	BIOSAMPLE:SAMEA104726478	SAMEA104726478		ERS2327861		2019-12-07T11:11:54.177			410658	soil metagenome	Crete soil metagenome
13478210	SAMEA104726479			Generic		EBI		Generic.1.0	Generic	metagenome from Crete soil	BIOSAMPLE:SAMEA104726479	SAMEA104726479		ERS2327862		2019-12-07T11:11:54.223			410658	soil metagenome	Crete soil metagenome
13478211	SAMEA104726480			Generic		EBI		Generic.1.0	Generic	metagenome from Crete soil	BIOSAMPLE:SAMEA104726480	SAMEA104726480		ERS2327863		2019-12-07T11:11:54.270			410658	soil metagenome	Crete soil metagenome
13478212	SAMEA104726483			Generic		EBI		Generic.1.0	Generic	metagenome from Crete soil	BIOSAMPLE:SAMEA104726483	SAMEA104726483		ERS2327866		2019-12-07T11:11:54.300			410658	soil metagenome	Crete soil metagenome
9004418	SAMEA104726364			Generic		EBI		Generic.1.0	Generic	metagenome from Crete soil	BIOSAMPLE:SAMEA104726364	SAMEA104726364		ERS2327747		2018-04-30T16:09:24.377			410658	soil metagenome	Crete soil metagenome
13478078	SAMEA104726346			Generic		EBI		Generic.1.0	Generic	metagenome from Crete soil	BIOSAMPLE:SAMEA104726346	SAMEA104726346		ERS2327729		2019-12-07T11:11:49.707			410658	soil metagenome	Crete soil metagenome
13478079	SAMEA104726347			Generic		EBI		Generic.1.0	Generic	metagenome from Crete soil	BIOSAMPLE:SAMEA104726347	SAMEA104726347		ERS2327730		2019-12-07T11:11:49.740			410658	soil metagenome	Crete soil metagenome
13478080	SAMEA104726348			Generic		EBI		Generic.1.0	Generic	metagenome from Crete soil	BIOSAMPLE:SAMEA104726348	SAMEA104726348		ERS2327731		2019-12-07T11:11:49.770			410658	soil metagenome	Crete soil metagenome
13478081	SAMEA104726349			Generic		EBI		Generic.1.0	Generic	metagenome from Crete soil	BIOSAMPLE:SAMEA104726349	SAMEA104726349		ERS2327732		2019-12-08T08:12:46.110			410658	soil metagenome	Crete soil metagenome
13478082	SAMEA104726350			Generic		EBI		Generic.1.0	Generic	metagenome from Crete soil	BIOSAMPLE:SAMEA104726350	SAMEA104726350		ERS2327733		2019-12-07T11:11:49.817			410658	soil metagenome	Crete soil metagenome
13478083	SAMEA104726351			Generic		EBI		Generic.1.0	Generic	metagenome from Crete soil	BIOSAMPLE:SAMEA104726351	SAMEA104726351		ERS2327734		2019-12-07T11:11:49.850			410658	soil metagenome	Crete soil metagenome
13478084	SAMEA104726352			Generic		EBI		Generic.1.0	Generic	metagenome from Crete soil	BIOSAMPLE:SAMEA104726352	SAMEA104726352		ERS2327735		2019-12-07T11:11:49.880			410658	soil metagenome	Crete soil metagenome
13478085	SAMEA104726353			Generic		EBI		Generic.1.0	Generic	metagenome from Crete soil	BIOSAMPLE:SAMEA104726353	SAMEA104726353		ERS2327736		2019-12-07T11:11:49.910			410658	soil metagenome	Crete soil metagenome
13478086	SAMEA104726354			Generic		EBI		Generic.1.0	Generic	metagenome from Crete soil	BIOSAMPLE:SAMEA104726354	SAMEA104726354		ERS2327737		2019-12-07T11:11:49.943			410658	soil metagenome	Crete soil metagenome
13478087	SAMEA104726355			Generic		EBI		Generic.1.0	Generic	metagenome from Crete soil	BIOSAMPLE:SAMEA104726355	SAMEA104726355		ERS2327738		2019-12-07T11:11:49.973			410658	soil metagenome	Crete soil metagenome
13478088	SAMEA104726356			Generic		EBI		Generic.1.0	Generic	metagenome from Crete soil	BIOSAMPLE:SAMEA104726356	SAMEA104726356		ERS2327739		2019-12-08T08:12:46.157			410658	soil metagenome	Crete soil metagenome
13478089	SAMEA104726357			Generic		EBI		Generic.1.0	Generic	metagenome from Crete soil	BIOSAMPLE:SAMEA104726357	SAMEA104726357		ERS2327740		2019-12-07T11:11:50.020			410658	soil metagenome	Crete soil metagenome
13478090	SAMEA104726358			Generic		EBI		Generic.1.0	Generic	metagenome from Crete soil	BIOSAMPLE:SAMEA104726358	SAMEA104726358		ERS2327741		2019-12-07T11:11:50.050			410658	soil metagenome	Crete soil metagenome
13478091	SAMEA104726359			Generic		EBI		Generic.1.0	Generic	metagenome from Crete soil	BIOSAMPLE:SAMEA104726359	SAMEA104726359		ERS2327742		2019-12-07T11:11:50.100			410658	soil metagenome	Crete soil metagenome
13478092	SAMEA104726360			Generic		EBI		Generic.1.0	Generic	metagenome from Crete soil	BIOSAMPLE:SAMEA104726360	SAMEA104726360		ERS2327743		2019-12-07T11:11:50.130			410658	soil metagenome	Crete soil metagenome
13478093	SAMEA104726361			Generic		EBI		Generic.1.0	Generic	metagenome from Crete soil	BIOSAMPLE:SAMEA104726361	SAMEA104726361		ERS2327744		2019-12-07T11:11:50.160			410658	soil metagenome	Crete soil metagenome
13478094	SAMEA104726362			Generic		EBI		Generic.1.0	Generic	metagenome from Crete soil	BIOSAMPLE:SAMEA104726362	SAMEA104726362		ERS2327745		2019-12-07T11:11:50.193			410658	soil metagenome	Crete soil metagenome
13478095	SAMEA104726363			Generic		EBI		Generic.1.0	Generic	metagenome from Crete soil	BIOSAMPLE:SAMEA104726363	SAMEA104726363		ERS2327746		2019-12-07T11:11:50.223			410658	soil metagenome	Crete soil metagenome
13478096	SAMEA104726365			Generic		EBI		Generic.1.0	Generic	metagenome from Crete soil	BIOSAMPLE:SAMEA104726365	SAMEA104726365		ERS2327748		2019-12-07T11:11:50.253			410658	soil metagenome	Crete soil metagenome
13478097	SAMEA104726366			Generic		EBI		Generic.1.0	Generic	metagenome from Crete soil	BIOSAMPLE:SAMEA104726366	SAMEA104726366		ERS2327749		2019-12-07T11:11:50.287			410658	soil metagenome	Crete soil metagenome
13478098	SAMEA104726367			Generic		EBI		Generic.1.0	Generic	metagenome from Crete soil	BIOSAMPLE:SAMEA104726367	SAMEA104726367		ERS2327750		2019-12-07T11:11:50.317			410658	soil metagenome	Crete soil metagenome
13478099	SAMEA104726368			Generic		EBI		Generic.1.0	Generic	metagenome from Crete soil	BIOSAMPLE:SAMEA104726368	SAMEA104726368		ERS2327751		2019-12-07T11:11:50.350			410658	soil metagenome	Crete soil metagenome
13478100	SAMEA104726369			Generic		EBI		Generic.1.0	Generic	metagenome from Crete soil	BIOSAMPLE:SAMEA104726369	SAMEA104726369		ERS2327752		2019-12-07T11:11:50.397			410658	soil metagenome	Crete soil metagenome
13478101	SAMEA104726370			Generic		EBI		Generic.1.0	Generic	metagenome from Crete soil	BIOSAMPLE:SAMEA104726370	SAMEA104726370		ERS2327753		2019-12-07T11:11:50.427			410658	soil metagenome	Crete soil metagenome
13478102	SAMEA104726371			Generic		EBI		Generic.1.0	Generic	metagenome from Crete soil	BIOSAMPLE:SAMEA104726371	SAMEA104726371		ERS2327754		2019-12-07T11:11:50.457			410658	soil metagenome	Crete soil metagenome
13478103	SAMEA104726372			Generic		EBI		Generic.1.0	Generic	metagenome from Crete soil	BIOSAMPLE:SAMEA104726372	SAMEA104726372		ERS2327755		2019-12-07T11:11:50.490			410658	soil metagenome	Crete soil metagenome
13478104	SAMEA104726373			Generic		EBI		Generic.1.0	Generic	metagenome from Crete soil	BIOSAMPLE:SAMEA104726373	SAMEA104726373		ERS2327756		2019-12-07T11:11:50.520			410658	soil metagenome	Crete soil metagenome
13478105	SAMEA104726374			Generic		EBI		Generic.1.0	Generic	metagenome from Crete soil	BIOSAMPLE:SAMEA104726374	SAMEA104726374		ERS2327757		2019-12-07T11:11:50.550			410658	soil metagenome	Crete soil metagenome
13478106	SAMEA104726375			Generic		EBI		Generic.1.0	Generic	metagenome from Crete soil	BIOSAMPLE:SAMEA104726375	SAMEA104726375		ERS2327758		2019-12-07T11:11:50.600			410658	soil metagenome	Crete soil metagenome
13478107	SAMEA104726376			Generic		EBI		Generic.1.0	Generic	metagenome from Crete soil	BIOSAMPLE:SAMEA104726376	SAMEA104726376		ERS2327759		2019-12-07T11:11:50.647			410658	soil metagenome	Crete soil metagenome
13478108	SAMEA104726377			Generic		EBI		Generic.1.0	Generic	metagenome from Crete soil	BIOSAMPLE:SAMEA104726377	SAMEA104726377		ERS2327760		2019-12-07T11:11:50.677			410658	soil metagenome	Crete soil metagenome
13478109	SAMEA104726378			Generic		EBI		Generic.1.0	Generic	metagenome from Crete soil	BIOSAMPLE:SAMEA104726378	SAMEA104726378		ERS2327761		2019-12-07T11:11:50.707			410658	soil metagenome	Crete soil metagenome
13478110	SAMEA104726379			Generic		EBI		Generic.1.0	Generic	metagenome from Crete soil	BIOSAMPLE:SAMEA104726379	SAMEA104726379		ERS2327762		2019-12-07T11:11:50.740			410658	soil metagenome	Crete soil metagenome
13478111	SAMEA104726380			Generic		EBI		Generic.1.0	Generic	metagenome from Crete soil	BIOSAMPLE:SAMEA104726380	SAMEA104726380		ERS2327763		2019-12-07T11:11:50.770			410658	soil metagenome	Crete soil metagenome
13478112	SAMEA104726381			Generic		EBI		Generic.1.0	Generic	metagenome from Crete soil	BIOSAMPLE:SAMEA104726381	SAMEA104726381		ERS2327764		2019-12-07T11:11:50.817			410658	soil metagenome	Crete soil metagenome
13478113	SAMEA104726382			Generic		EBI		Generic.1.0	Generic	metagenome from Crete soil	BIOSAMPLE:SAMEA104726382	SAMEA104726382		ERS2327765		2019-12-07T11:11:50.850			410658	soil metagenome	Crete soil metagenome
13478114	SAMEA104726383			Generic		EBI		Generic.1.0	Generic	metagenome from Crete soil	BIOSAMPLE:SAMEA104726383	SAMEA104726383		ERS2327766		2019-12-07T11:11:50.880			410658	soil metagenome	Crete soil metagenome
13478115	SAMEA104726384			Generic		EBI		Generic.1.0	Generic	metagenome from Crete soil	BIOSAMPLE:SAMEA104726384	SAMEA104726384		ERS2327767		2019-12-07T11:11:50.910			410658	soil metagenome	Crete soil metagenome
13478116	SAMEA104726385			Generic		EBI		Generic.1.0	Generic	metagenome from Crete soil	BIOSAMPLE:SAMEA104726385	SAMEA104726385		ERS2327768		2019-12-07T11:11:50.943			410658	soil metagenome	Crete soil metagenome
13478117	SAMEA104726386			Generic		EBI		Generic.1.0	Generic	metagenome from Crete soil	BIOSAMPLE:SAMEA104726386	SAMEA104726386		ERS2327769		2019-12-07T11:11:50.973			410658	soil metagenome	Crete soil metagenome
13478118	SAMEA104726387			Generic		EBI		Generic.1.0	Generic	metagenome from Crete soil	BIOSAMPLE:SAMEA104726387	SAMEA104726387		ERS2327770		2019-12-07T11:11:51.003			410658	soil metagenome	Crete soil metagenome
13478119	SAMEA104726388			Generic		EBI		Generic.1.0	Generic	metagenome from Crete soil	BIOSAMPLE:SAMEA104726388	SAMEA104726388		ERS2327771		2019-12-07T11:11:51.037			410658	soil metagenome	Crete soil metagenome
13478120	SAMEA104726389			Generic		EBI		Generic.1.0	Generic	metagenome from Crete soil	BIOSAMPLE:SAMEA104726389	SAMEA104726389		ERS2327772		2019-12-07T11:11:51.083			410658	soil metagenome	Crete soil metagenome
13478121	SAMEA104726390			Generic		EBI		Generic.1.0	Generic	metagenome from Crete soil	BIOSAMPLE:SAMEA104726390	SAMEA104726390		ERS2327773		2019-12-07T11:11:51.113			410658	soil metagenome	Crete soil metagenome
13478122	SAMEA104726391			Generic		EBI		Generic.1.0	Generic	metagenome from Crete soil	BIOSAMPLE:SAMEA104726391	SAMEA104726391		ERS2327774		2019-12-07T11:11:51.147			410658	soil metagenome	Crete soil metagenome
13478123	SAMEA104726392			Generic		EBI		Generic.1.0	Generic	metagenome from Crete soil	BIOSAMPLE:SAMEA104726392	SAMEA104726392		ERS2327775		2019-12-07T11:11:51.177			410658	soil metagenome	Crete soil metagenome
13478124	SAMEA104726393			Generic		EBI		Generic.1.0	Generic	metagenome from Crete soil	BIOSAMPLE:SAMEA104726393	SAMEA104726393		ERS2327776		2019-12-07T11:11:51.207			410658	soil metagenome	Crete soil metagenome
13478125	SAMEA104726394			Generic		EBI		Generic.1.0	Generic	metagenome from Crete soil	BIOSAMPLE:SAMEA104726394	SAMEA104726394		ERS2327777		2019-12-07T11:11:51.240			410658	soil metagenome	Crete soil metagenome
13478126	SAMEA104726395			Generic		EBI		Generic.1.0	Generic	metagenome from Crete soil	BIOSAMPLE:SAMEA104726395	SAMEA104726395		ERS2327778		2019-12-07T11:11:51.287			410658	soil metagenome	Crete soil metagenome
13478127	SAMEA104726396			Generic		EBI		Generic.1.0	Generic	metagenome from Crete soil	BIOSAMPLE:SAMEA104726396	SAMEA104726396		ERS2327779		2019-12-07T11:11:51.317			410658	soil metagenome	Crete soil metagenome
